{
  "accuracy": 0.9,
  "classification_report": {
    "intent_recognition": {
      "precision": 0.75,
      "recall": 1.0,
      "f1-score": 0.8571428571428571,
      "support": 3.0
    },
    "named_entity_recognition": {
      "precision": 1.0,
      "recall": 1.0,
      "f1-score": 1.0,
      "support": 4.0
    },
    "summarization": {
      "precision": 1.0,
      "recall": 0.6666666666666666,
      "f1-score": 0.8,
      "support": 3.0
    },
    "accuracy": 0.9,
    "macro avg": {
      "precision": 0.9166666666666666,
      "recall": 0.8888888888888888,
      "f1-score": 0.8857142857142858,
      "support": 10.0
    },
    "weighted avg": {
      "precision": 0.925,
      "recall": 0.9,
      "f1-score": 0.8971428571428571,
      "support": 10.0
    }
  },
  "confusion_matrix": [
    [
      3,
      0,
      0
    ],
    [
      0,
      4,
      0
    ],
    [
      1,
      0,
      2
    ]
  ],
  "missing_predictions": []
}